"Source Name","Date Accessed",URL,Name,Value,"Date Created","End Date/Time",Comment,"Data Source"
LogicalFileSet1,"2024-03-17 03:49:03 WAT",.google.com,AEC,"Ae3NU9OQA0od-BIMfbLmBtwtQlEBUkA9rHDo17YcJLDMDUHVXfBUlvmsi9w","2024-03-17 03:39:58 WAT","2024-09-13 03:39:58 WAT","Chrome Cookies",LogicalFileSet1
LogicalFileSet1,"2024-03-17 03:42:08 WAT",.google.com,SNID,"AOYECSqoEC6RpQoRq3rbxzaWS-yUfFqSlxoVhYU7HF8KZxUAacS3in2Hzf3y2OQw7Pql8UZJHOKn1cBSlgcdKMKHHvHX674h7mo","2024-03-17 03:40:48 WAT","2024-09-16 03:39:58 WAT","Chrome Cookies",LogicalFileSet1
LogicalFileSet1,"2024-03-17 03:40:57 WAT",.onesignal.com,__cf_bm,"Z.xwqKPg0EfBh1811z_J2TqxIRbUQJKNLvKrhfgOFiQ-1710646857-1.0.1.1-edVnwFNKkPO7pvtzejL.xx4eNv_daszdYet840Y_yzvHZHRE4wh9lL28tOV6zNkpk7nIJ4XV.eZC1ssu_JVhcw","2024-03-17 03:40:57 WAT","2024-03-17 04:10:57 WAT","Chrome Cookies",LogicalFileSet1
LogicalFileSet1,"2024-03-17 03:42:07 WAT",.businessday.ng,_cb,FjBbcCbraRXDGZaz2,"2024-03-17 03:40:57 WAT","2025-04-16 03:40:57 WAT","Chrome Cookies",LogicalFileSet1
LogicalFileSet1,"2024-03-17 03:42:07 WAT",.businessday.ng,_chartbeat2,".1710646857645.1710646857645.1.nrSmwvLjaI3TR2iBYioTFCkWvm_.1","2024-03-17 03:40:57 WAT","2025-04-16 03:40:57 WAT","Chrome Cookies",LogicalFileSet1
LogicalFileSet1,"2024-03-17 03:42:07 WAT",.businessday.ng,_cb_svref,"https%3A%2F%2Fwww.google.com%2F","2024-03-17 03:40:57 WAT","2024-03-17 04:10:57 WAT","Chrome Cookies",LogicalFileSet1
LogicalFileSet1,"2024-03-17 03:42:07 WAT",.businessday.ng,_ga,"GA1.1.1872749314.1710646858","2024-03-17 03:40:57 WAT","2026-03-17 03:40:57 WAT","Chrome Cookies",LogicalFileSet1
LogicalFileSet1,"2024-03-17 03:42:07 WAT",.businessday.ng,__gads,"ID=53d6add53377f120:T=1710646859:RT=1710646859:S=ALNI_Mbjff7LF8P6CCl1M8KIKJq5AyA9Tw","2024-03-17 03:40:59 WAT","2025-04-11 03:40:59 WAT","Chrome Cookies",LogicalFileSet1
LogicalFileSet1,"2024-03-17 03:42:07 WAT",.businessday.ng,__gpi,"UID=00000d4877823618:T=1710646859:RT=1710646859:S=ALNI_MbI0EXlz8qJq192OhwmSpyGGxkSOA","2024-03-17 03:40:59 WAT","2025-04-11 03:40:59 WAT","Chrome Cookies",LogicalFileSet1
LogicalFileSet1,"2024-03-17 03:42:07 WAT",.businessday.ng,__eoi,"ID=c5f43d85e875e13e:T=1710646859:RT=1710646859:S=AA-AfjZfXoTi-ymBVQJYvxgJYoCm","2024-03-17 03:40:59 WAT","2024-09-13 03:40:59 WAT","Chrome Cookies",LogicalFileSet1
LogicalFileSet1,"2024-03-17 03:41:01 WAT",.doubleclick.net,IDE,"AHWqTUm3UShbTopzWywLeP0NI4JpauFHnShXhh41r8AwnCbG4fChUK9lD71HzCdJXwo","2024-03-17 03:41:01 WAT","2026-03-17 03:41:01 WAT","Chrome Cookies",LogicalFileSet1
LogicalFileSet1,"2024-03-17 03:41:07 WAT",.adform.net,C,1,"2024-03-17 03:41:07 WAT","2024-04-17 03:41:07 WAT","Chrome Cookies",LogicalFileSet1
LogicalFileSet1,"2024-03-17 03:41:07 WAT",.creativecdn.com,g,"Twd7QTdlEOowLArOToQp_1710646867266","2024-03-17 03:41:07 WAT","2025-03-17 03:41:07 WAT","Chrome Cookies",LogicalFileSet1
LogicalFileSet1,"2024-03-17 03:41:07 WAT",.creativecdn.com,ts,1710646867,"2024-03-17 03:41:07 WAT","2025-03-17 03:41:07 WAT","Chrome Cookies",LogicalFileSet1
LogicalFileSet1,"2024-03-17 03:41:07 WAT",.uuidksinc.net,jcsuuid,mfjzGtSu2m9JXUMQmvHg,"2024-03-17 03:41:07 WAT","2025-03-17 03:41:07 WAT","Chrome Cookies",LogicalFileSet1
LogicalFileSet1,"2024-03-17 03:41:08 WAT",.doubleclick.net,DSID,NO_DATA,"2024-03-17 03:41:01 WAT","2024-03-17 04:41:08 WAT","Chrome Cookies",LogicalFileSet1
LogicalFileSet1,"2024-03-17 03:41:17 WAT","tempest.services.disqus.com",trc_cookie_storage,"taboola%2520global%253Auser-id%3Dca30cc05-3093-490c-ad61-6335a9bb27d9-tuctcefebdc","2024-03-17 03:41:17 WAT","2025-03-17 03:41:17 WAT","Chrome Cookies",LogicalFileSet1
LogicalFileSet1,"2024-03-17 03:41:17 WAT",.disqus.com,disqus_unique,ivtr5s120jb2t,"2024-03-17 03:41:17 WAT","2025-03-17 03:41:17 WAT","Chrome Cookies",LogicalFileSet1
LogicalFileSet1,"2024-03-17 03:41:17 WAT",disqus.com,__jid,j087japf3858,"2024-03-17 03:41:17 WAT","2024-03-17 04:11:17 WAT","Chrome Cookies",LogicalFileSet1
LogicalFileSet1,"2024-03-17 03:41:20 WAT",.a-mo.net,amuid2,"2a05bb39-b530-4c00-a87e-b3351c6e989a","2024-03-17 03:41:20 WAT","2025-03-17 03:41:20 WAT","Chrome Cookies",LogicalFileSet1
LogicalFileSet1,"2024-03-17 03:41:20 WAT",.prebid.a-mo.net,sd_amuid2,"2a05bb39-b530-4c00-a87e-b3351c6e989a","2024-03-17 03:41:20 WAT","2025-03-17 03:41:20 WAT","Chrome Cookies",LogicalFileSet1
LogicalFileSet1,"2024-03-17 03:41:21 WAT",.disqus.com,G_ENABLED_IDPS,google,"2024-03-17 03:41:21 WAT","9999-12-31 12:00:00 WAT","Chrome Cookies",LogicalFileSet1
LogicalFileSet1,"2024-03-17 03:41:21 WAT",.businessday.ng,_ga_KRZW6E45JP,"GS1.1.1710646857.1.1.1710646881.36.0.0","2024-03-17 03:41:21 WAT","2026-03-17 03:41:21 WAT","Chrome Cookies",LogicalFileSet1
LogicalFileSet1,"2024-03-17 03:41:21 WAT",.travelaudience.com,_tracker,"%7B%22UUID%22%3A%22D7D58F13-32E9-4D10-0558-44F1DD9BC7AC%22%7D","2024-03-17 03:41:21 WAT","2025-04-17 03:41:20 WAT","Chrome Cookies",LogicalFileSet1
LogicalFileSet1,"2024-03-17 03:41:22 WAT",imprammp.taboola.com,"amdgt_lk%40cfs",1,"2024-03-17 03:41:22 WAT","2024-03-17 09:41:22 WAT","Chrome Cookies",LogicalFileSet1
LogicalFileSet1,"2024-03-17 03:41:22 WAT",.businessday.ng,dsq__,j08gnqak25e6,"2024-03-17 03:41:22 WAT","2025-03-17 03:41:22 WAT","Chrome Cookies",LogicalFileSet1
LogicalFileSet1,"2024-03-17 03:41:22 WAT",.bidswitch.net,c,1710646882,"2024-03-17 03:41:22 WAT","2025-03-17 03:41:22 WAT","Chrome Cookies",LogicalFileSet1
LogicalFileSet1,"2024-03-17 03:41:23 WAT",.casalemedia.com,CMPS,1847,"2024-03-17 03:41:23 WAT","2024-06-15 03:41:23 WAT","Chrome Cookies",LogicalFileSet1
LogicalFileSet1,"2024-03-17 03:41:23 WAT",.bidswitch.net,tuuid,"4c003e47-2be7-494a-a5d6-9865a7875b12","2024-03-17 03:41:22 WAT","2025-03-17 03:41:23 WAT","Chrome Cookies",LogicalFileSet1
LogicalFileSet1,"2024-03-17 03:41:23 WAT",.bidswitch.net,tuuid_lu,1710646883,"2024-03-17 03:41:23 WAT","2025-03-17 03:41:23 WAT","Chrome Cookies",LogicalFileSet1
LogicalFileSet1,"2024-03-17 03:41:23 WAT",.prebid.a-mo.net,_sv3_9,1,"2024-03-17 03:41:23 WAT","2024-03-18 03:41:23 WAT","Chrome Cookies",LogicalFileSet1
LogicalFileSet1,"2024-03-17 03:41:23 WAT",.a-mx.com,amdt_t,p::1710646883096,"2024-03-17 03:41:23 WAT","2025-03-17 03:41:23 WAT","Chrome Cookies",LogicalFileSet1
LogicalFileSet1,"2024-03-17 03:41:23 WAT",.a-mx.com,amuid2,"2a05bb39-b530-4c00-a87e-b3351c6e989a","2024-03-17 03:41:23 WAT","2025-03-17 03:41:23 WAT","Chrome Cookies",LogicalFileSet1
LogicalFileSet1,"2024-03-17 03:41:23 WAT",.adkernel.com,ADKUID,A5074234021377374909,"2024-03-17 03:41:23 WAT","2024-04-16 03:41:23 WAT","Chrome Cookies",LogicalFileSet1
LogicalFileSet1,"2024-03-17 03:41:23 WAT",.e-volution.ai,ADK_EX_193,1,"2024-03-17 03:41:23 WAT","2024-03-31 03:41:23 WAT","Chrome Cookies",LogicalFileSet1
LogicalFileSet1,"2024-03-17 03:41:23 WAT",.e-volution.ai,ADKUID,A5074234021377374909,"2024-03-17 03:41:23 WAT","2024-04-16 03:41:23 WAT","Chrome Cookies",LogicalFileSet1
LogicalFileSet1,"2024-03-17 03:41:23 WAT",.sync.a-mo.net,_sv3_2,1,"2024-03-17 03:41:23 WAT","2024-03-18 03:41:23 WAT","Chrome Cookies",LogicalFileSet1
LogicalFileSet1,"2024-03-17 03:41:23 WAT",.sync.a-mo.net,_sv3_13,1,"2024-03-17 03:41:23 WAT","2024-03-18 03:41:23 WAT","Chrome Cookies",LogicalFileSet1
LogicalFileSet1,"2024-03-17 03:41:23 WAT",.sync.a-mo.net,_sv3_14,1,"2024-03-17 03:41:23 WAT","2024-03-18 03:41:23 WAT","Chrome Cookies",LogicalFileSet1
LogicalFileSet1,"2024-03-17 03:41:23 WAT",.sync.a-mo.net,_sv3_8,1,"2024-03-17 03:41:23 WAT","2024-03-18 03:41:23 WAT","Chrome Cookies",LogicalFileSet1
LogicalFileSet1,"2024-03-17 03:41:23 WAT",.sync.a-mo.net,_sv3_0,1,"2024-03-17 03:41:23 WAT","2024-03-18 03:41:23 WAT","Chrome Cookies",LogicalFileSet1
LogicalFileSet1,"2024-03-17 03:41:25 WAT",.pippio.com,did,CqAWAQOhrhB4Q1D1,"2024-03-17 03:41:25 WAT","2025-03-17 03:41:25 WAT","Chrome Cookies",LogicalFileSet1
LogicalFileSet1,"2024-03-17 03:41:25 WAT",.pippio.com,didts,1710646885,"2024-03-17 03:41:25 WAT","2025-03-17 03:41:25 WAT","Chrome Cookies",LogicalFileSet1
LogicalFileSet1,"2024-03-17 03:41:25 WAT",.pippio.com,nnls,,"2024-03-17 03:41:25 WAT","2024-05-16 03:41:25 WAT","Chrome Cookies",LogicalFileSet1
LogicalFileSet1,"2024-03-17 03:41:25 WAT",.33across.com,33x_b,1,"2024-03-17 03:41:25 WAT","2025-03-17 03:41:26 WAT","Chrome Cookies",LogicalFileSet1
LogicalFileSet1,"2024-03-17 03:41:25 WAT",io.narrative.io,io.narrative.guid.v2,"3af9c080-e410-11ee-bc0e-06c9914b2037","2024-03-17 03:41:25 WAT","2025-09-15 08:29:25 WAT","Chrome Cookies",LogicalFileSet1
LogicalFileSet1,"2024-03-17 03:41:25 WAT",.sync.a-mo.net,_sv3_4,1,"2024-03-17 03:41:25 WAT","2024-03-18 03:41:25 WAT","Chrome Cookies",LogicalFileSet1
LogicalFileSet1,"2024-03-17 03:41:26 WAT",.bidr.io,bitoIsSecure,ok,"2024-03-17 03:41:26 WAT","2025-04-15 23:41:26 WAT","Chrome Cookies",LogicalFileSet1
LogicalFileSet1,"2024-03-17 03:41:26 WAT",.prebid.a-mo.net,_sv3_7,1,"2024-03-17 03:41:26 WAT","2024-03-18 03:41:26 WAT","Chrome Cookies",LogicalFileSet1
LogicalFileSet1,"2024-03-17 03:41:27 WAT",.linkedin.com,bcookie,"""v=2&7602f9f3-e2ef-4969-8a4b-494d4c773c57""","2024-03-17 03:41:27 WAT","2025-03-17 03:41:27 WAT","Chrome Cookies",LogicalFileSet1
LogicalFileSet1,"2024-03-17 03:41:27 WAT",.linkedin.com,lidc,"""b=TGST01:s=T:r=T:a=T:p=T:g=3276:u=1:x=1:i=1710646887:t=1710733287:v=2:sig=AQF0pomS_447aFstUOdBIVmQEaU5Qoeo""","2024-03-17 03:41:27 WAT","2024-03-18 03:41:27 WAT","Chrome Cookies",LogicalFileSet1
LogicalFileSet1,"2024-03-17 03:41:28 WAT",.adnxs.com,anj,"dTM7k!M4.gD>6NRF']wIg2E>=p5zT)!]ta]8bhzs#DNB/f'<eH7^DNI9o*t9/a)P)/_E4XC)Ej%#8UCUt5SRpDv2LXED$91%i4vmf*O>rF=UctT6$PZT5y[x$rqXQt*+H('JtXc%CV+2!Ok!H[-kX-1)#Mf","2024-03-17 03:41:28 WAT","2024-06-15 03:41:28 WAT","Chrome Cookies",LogicalFileSet1
LogicalFileSet1,"2024-03-17 03:41:28 WAT",.adnxs.com,uids,"eyJ0ZW1wVUlEcyI6eyJhbXgiOnsidWlkIjoiMmEwNWJiMzktYjUzMC00YzAwLWE4N2UtYjMzNTFjNmU5ODlhIiwiZXhwaXJlcyI6IjIwMjQtMDYtMTVUMDM6NDE6MjNaIn0sInJ1Ymljb24iOnsidWlkIjoiTFRVWVpKTk0tVS1HWlFHIiwiZXhwaXJlcyI6IjIwMjQtMDYtMTVUMDM6NDE6MjhaIn19LCJiaXJ0aGRheSI6IjIwMjQtMDMtMTdUMDM6NDE6MjNaIn0=","2024-03-17 03:41:28 WAT","2024-06-15 03:41:28 WAT","Chrome Cookies",LogicalFileSet1
LogicalFileSet1,"2024-03-17 03:41:28 WAT",.hb.yahoo.net,visitor-id,3536484888089405000V10,"2024-03-17 03:41:28 WAT","2024-09-13 03:41:28 WAT","Chrome Cookies",LogicalFileSet1
LogicalFileSet1,"2024-03-17 03:41:28 WAT",.hb.yahoo.net,data-mag,LTUYZJNM-U-GZQG~~1,"2024-03-17 03:41:28 WAT","2025-03-17 03:41:28 WAT","Chrome Cookies",LogicalFileSet1
LogicalFileSet1,"2024-03-17 03:41:29 WAT",.ipredictive.com,cu,"a58d13f7-5ae0-408c-8f59-174f9d739d79|1710646889269","2024-03-17 03:41:29 WAT","2025-03-17 03:41:29 WAT","Chrome Cookies",LogicalFileSet1
LogicalFileSet1,"2024-03-17 03:41:29 WAT",.pippio.com,pxrc,"COXM2a8GEgUIlCkQABIFCNVDEAASBgjs6wEQBA==","2024-03-17 03:41:29 WAT","2024-05-16 03:41:29 WAT","Chrome Cookies",LogicalFileSet1
LogicalFileSet1,"2024-03-17 03:41:30 WAT",.linksynergy.com,rmuid,"43d003b5-09e8-4c6f-ab04-1b9272da8fa0","2024-03-17 03:41:30 WAT","2025-03-17 03:41:30 WAT","Chrome Cookies",LogicalFileSet1
LogicalFileSet1,"2024-03-17 03:41:30 WAT",.linksynergy.com,icts,2024-03-17T03:41:30Z,"2024-03-17 03:41:30 WAT","2025-03-17 03:41:30 WAT","Chrome Cookies",LogicalFileSet1
LogicalFileSet1,"2024-03-17 03:41:30 WAT",.connatix.com,cnx_userId,"34cab891a22f4017925e84cfd8da55b5","2024-03-17 03:41:30 WAT","2024-04-16 03:41:30 WAT","Chrome Cookies",LogicalFileSet1
LogicalFileSet1,"2024-03-17 03:41:30 WAT",.betweendigital.com,ss,1,"2024-03-17 03:41:30 WAT","2025-03-17 03:41:30 WAT","Chrome Cookies",LogicalFileSet1
LogicalFileSet1,"2024-03-17 03:41:30 WAT",.rubiconproject.com,khaos,LTUYZJNM-U-GZQG,"2024-03-17 03:41:24 WAT","2025-03-17 03:41:30 WAT","Chrome Cookies",LogicalFileSet1
LogicalFileSet1,"2024-03-17 03:41:30 WAT",.rubiconproject.com,audit,"1|klIzRRJtTtTRHMABZw4X0g0MNEZ4NHG01bWTxswRGSYnhaWcOqSsu4+ibhM5XeUsHLGbkG2cEGwiZ07GJqnMnujPGTiJ9gcm/Vtt7hKIOSQ=","2024-03-17 03:41:30 WAT","2025-03-17 03:41:30 WAT","Chrome Cookies",LogicalFileSet1
LogicalFileSet1,"2024-03-17 03:41:30 WAT",.rubiconproject.com,"receive-cookie-deprecation",1,"2024-03-17 03:41:26 WAT","2024-06-15 03:41:30 WAT","Chrome Cookies",LogicalFileSet1
LogicalFileSet1,"2024-03-17 03:41:30 WAT",.betweendigital.com,dc,lux1,"2024-03-17 03:41:30 WAT","2025-03-17 03:41:30 WAT","Chrome Cookies",LogicalFileSet1
LogicalFileSet1,"2024-03-17 03:41:30 WAT",.betweendigital.com,tuuid,"232e6c68-f25a-524d-aaa1-8a7ecf57ec14","2024-03-17 03:41:30 WAT","2025-03-17 03:41:30 WAT","Chrome Cookies",LogicalFileSet1
LogicalFileSet1,"2024-03-17 03:41:30 WAT",.betweendigital.com,ut,"ZfZmagALfWgTsnqJDT9_DOSme0sQRZO_s9Qcbg==","2024-03-17 03:41:30 WAT","2025-03-17 03:41:30 WAT","Chrome Cookies",LogicalFileSet1
LogicalFileSet1,"2024-03-17 03:41:30 WAT",.liadm.com,lidid,"bd0db3c8-b473-4452-bc07-7b028d8b4429","2024-03-17 03:41:30 WAT","2026-03-17 03:41:30 WAT","Chrome Cookies",LogicalFileSet1
LogicalFileSet1,"2024-03-17 03:41:30 WAT",.lijit.com,_ljtrtb_80,LTUYZJNM-U-GZQG,"2024-03-17 03:41:30 WAT","2025-03-17 03:41:30 WAT","Chrome Cookies",LogicalFileSet1
LogicalFileSet1,"2024-03-17 03:41:31 WAT",.rezync.com,zync-uuid,"177bd97c-a38e-4c2c-8d2e-6333b588558d:1710646885.6343682","2024-03-17 03:41:25 WAT","2025-04-11 03:41:31 WAT","Chrome Cookies",LogicalFileSet1
LogicalFileSet1,"2024-03-17 03:41:31 WAT",live.rezync.com,sd-session-id,".eJwNykESgyAMheG7ZC0dQiREL-MosKCtthXsoo53b3bvn--dML3zvs5b3hqMbT9yB_FZtCqMJ6RSP4cuiOXbdl_R2fviGnRQy2_NDxWPdmDxTE5UEa21cKnnWstrm0rSD4awpCFEM5Nk00cXjSSXDRPR4kW8lzRiQMs9a92YemJxcP0BnCwtyw.ZfZmaw.C7CZoomCYQagDTl0atB6BR9Am8g","2024-03-17 03:41:31 WAT","2025-04-11 03:41:31 WAT","Chrome Cookies",LogicalFileSet1
LogicalFileSet1,"2024-03-17 03:41:32 WAT",.liadm.com,lidid,"bd0db3c8-b473-4452-bc07-7b028d8b4429","2024-03-17 03:41:32 WAT","2026-03-17 03:41:32 WAT","Chrome Cookies",LogicalFileSet1
LogicalFileSet1,"2024-03-17 03:41:32 WAT",.rlcdn.com,rlas3,"+Brf7UrKqhbb2K6Pc1SImUWsuErBKnFemI5u49GnH50=","2024-03-17 03:41:32 WAT","2025-03-17 03:41:32 WAT","Chrome Cookies",LogicalFileSet1
LogicalFileSet1,"2024-03-17 03:41:32 WAT",.rlcdn.com,pxrc,"COnM2a8GEgUI6AcQABIFCOhHEAASBgi66gEQAhIGCLjrARAA","2024-03-17 03:41:31 WAT","2024-05-16 03:41:32 WAT","Chrome Cookies",LogicalFileSet1
LogicalFileSet1,"2024-03-17 03:41:32 WAT",.bidsxplayer.com,aniC,"1710646892314-172030175153-000898-013-008161","2024-03-17 03:41:32 WAT","2024-04-06 03:41:32 WAT","Chrome Cookies",LogicalFileSet1
LogicalFileSet1,"2024-03-17 03:41:37 WAT",.openx.net,i,"a28d2615-2379-4f52-8b63-568efaf83c75|1710646890","2024-03-17 03:41:30 WAT","2025-03-17 03:41:37 WAT","Chrome Cookies",LogicalFileSet1
LogicalFileSet1,"2024-03-17 03:41:37 WAT",.openx.net,pd,v2|1710646897|n0vNvQiygu,"2024-03-17 03:41:37 WAT","2024-04-01 03:41:37 WAT","Chrome Cookies",LogicalFileSet1
LogicalFileSet1,"2024-03-17 03:41:37 WAT",.smaato.net,SCM,2777f6360f,"2024-03-17 03:41:37 WAT","2024-04-07 03:41:37 WAT","Chrome Cookies",LogicalFileSet1
LogicalFileSet1,"2024-03-17 03:41:37 WAT",.smaato.net,SCMaps,2777f6360f,"2024-03-17 03:41:37 WAT","2024-04-07 03:41:37 WAT","Chrome Cookies",LogicalFileSet1
LogicalFileSet1,"2024-03-17 03:41:37 WAT",.simpli.fi,suid,"D1D1ABCA52464475BF14408DDE2BC31E","2024-03-17 03:41:37 WAT","2025-03-18 03:41:37 WAT","Chrome Cookies",LogicalFileSet1
LogicalFileSet1,"2024-03-17 03:41:37 WAT",.simpli.fi,suid_legacy,"D1D1ABCA52464475BF14408DDE2BC31E","2024-03-17 03:41:37 WAT","2025-03-18 03:41:37 WAT","Chrome Cookies",LogicalFileSet1
LogicalFileSet1,"2024-03-17 03:41:38 WAT",.s3xified.com,admRtbUidCkey34334Ssp245,"8c98706ef5252ef7250e920bf9577300","2024-03-17 03:41:38 WAT","2034-03-15 03:41:38 WAT","Chrome Cookies",LogicalFileSet1
LogicalFileSet1,"2024-03-17 03:41:38 WAT",.mediago.io,__mguid_,"52b834a5acb0e2d225spay00ltuyzuf7","2024-03-17 03:41:38 WAT","2025-03-17 03:41:38 WAT","Chrome Cookies",LogicalFileSet1
LogicalFileSet1,"2024-03-17 03:41:38 WAT",.lijit.com,_ljtrtb_85,AALefU7L7M0AABUjPsWYOg,"2024-03-17 03:41:38 WAT","2025-03-17 03:41:38 WAT","Chrome Cookies",LogicalFileSet1
LogicalFileSet1,"2024-03-17 03:41:38 WAT",.lijit.com,_ljtrtb_27,"c25304a7-d14b-4224-8603-4cfe37a2969e","2024-03-17 03:41:38 WAT","2025-03-17 03:41:38 WAT","Chrome Cookies",LogicalFileSet1
LogicalFileSet1,"2024-03-17 03:41:38 WAT",.quantserve.com,mc,"65f66672-ddb70-7f700-16779","2024-03-17 03:41:38 WAT","2025-04-17 03:41:38 WAT","Chrome Cookies",LogicalFileSet1
LogicalFileSet1,"2024-03-17 03:41:38 WAT",.quantserve.com,cref,1,"2024-03-17 03:41:38 WAT","2025-04-17 03:41:38 WAT","Chrome Cookies",LogicalFileSet1
LogicalFileSet1,"2024-03-17 03:41:39 WAT",.krushmedia.com,krm_usr,"d4a80663-1f5a-535b-8368-e9d7015d61b5","2024-03-17 03:41:39 WAT","2024-03-31 03:41:39 WAT","Chrome Cookies",LogicalFileSet1
LogicalFileSet1,"2024-03-17 03:41:39 WAT",.krushmedia.com,krm_r,572,"2024-03-17 03:41:39 WAT","2024-03-31 03:41:39 WAT","Chrome Cookies",LogicalFileSet1
LogicalFileSet1,"2024-03-17 03:41:39 WAT",.openx.net,univ_id,"537072971|c25304a7-d14b-4224-8603-4cfe37a2969e|1710646899426875","2024-03-17 03:41:39 WAT","2024-04-01 03:41:39 WAT","Chrome Cookies",LogicalFileSet1
LogicalFileSet1,"2024-03-17 03:41:39 WAT",.zemanta.com,zuid,KHjhNSsMoBVR9d2gjgk4,"2024-03-17 03:41:38 WAT","2025-03-17 03:41:39 WAT","Chrome Cookies",LogicalFileSet1
LogicalFileSet1,"2024-03-17 03:41:40 WAT",.lijit.com,_ljtrtb_102,"d4a80663-1f5a-535b-8368-e9d7015d61b5","2024-03-17 03:41:40 WAT","2025-03-17 03:41:40 WAT","Chrome Cookies",LogicalFileSet1
LogicalFileSet1,"2024-03-17 03:41:40 WAT",.adentifi.com,adtheorent[cuid],"cuid_43bc7d20-e410-11ee-9ae5-1202f1c33782","2024-03-17 03:41:40 WAT","2026-03-17 03:41:40 WAT","Chrome Cookies",LogicalFileSet1
LogicalFileSet1,"2024-03-17 03:41:40 WAT",.adentifi.com,adtheorent-legacy[cuid],"cuid_43bc7d20-e410-11ee-9ae5-1202f1c33782","2024-03-17 03:41:40 WAT","2026-03-17 03:41:40 WAT","Chrome Cookies",LogicalFileSet1
LogicalFileSet1,"2024-03-17 03:41:40 WAT",.casalemedia.com,CMID,ZfZmYlVbL3YAAHvXAPb5YQAA,"2024-03-17 03:41:23 WAT","2025-03-17 03:41:40 WAT","Chrome Cookies",LogicalFileSet1
LogicalFileSet1,"2024-03-17 03:41:40 WAT",.casalemedia.com,CMPRO,1847,"2024-03-17 03:41:23 WAT","2024-06-15 03:41:40 WAT","Chrome Cookies",LogicalFileSet1
LogicalFileSet1,"2024-03-17 03:41:40 WAT",.amazon-adsystem.com,ad-id,A9fFGuhqu0K8qAKxsFBGD8k,"2024-03-17 03:41:26 WAT","2024-10-01 03:41:40 WAT","Chrome Cookies",LogicalFileSet1
LogicalFileSet1,"2024-03-17 03:41:40 WAT",.amazon-adsystem.com,ad-privacy,0,"2024-03-17 03:41:25 WAT","2029-04-01 03:41:40 WAT","Chrome Cookies",LogicalFileSet1
LogicalFileSet1,"2024-03-17 03:41:40 WAT",.weborama.fr,AFFICHE_W,ChKxWijCx9MK19,"2024-03-17 03:41:40 WAT","2025-04-14 03:41:40 WAT","Chrome Cookies",LogicalFileSet1
LogicalFileSet1,"2024-03-17 03:41:40 WAT",.pubmatic.com,KRTBCOOKIE_377,"6810-c25304a7-d14b-4224-8603-4cfe37a2969e&KRTB&22918-c25304a7-d14b-4224-8603-4cfe37a2969e&KRTB&22926-c25304a7-d14b-4224-8603-4cfe37a2969e&KRTB&23031-c25304a7-d14b-4224-8603-4cfe37a2969e","2024-03-17 03:41:40 WAT","2024-06-15 03:41:40 WAT","Chrome Cookies",LogicalFileSet1
LogicalFileSet1,"2024-03-17 03:41:40 WAT",.pubmatic.com,KRTBCOOKIE_391,"22924-5213886211535018676&KRTB&23263-5213886211535018676&KRTB&23481-5213886211535018676","2024-03-17 03:41:40 WAT","2024-04-16 03:41:40 WAT","Chrome Cookies",LogicalFileSet1
LogicalFileSet1,"2024-03-17 03:41:41 WAT",.pubmatic.com,KRTBCOOKIE_80,"22987-CAESEJ0Slk69yCsuNG30shldtcM&KRTB&23025-CAESEJ0Slk69yCsuNG30shldtcM&KRTB&23386-CAESEJ0Slk69yCsuNG30shldtcM","2024-03-17 03:41:41 WAT","2024-06-15 03:41:41 WAT","Chrome Cookies",LogicalFileSet1
LogicalFileSet1,"2024-03-17 03:41:41 WAT",.audrte.com,arcki2,"307D6HczHQyRFe-cQVu-HJgBw!20220908!1710646901151!ip#102.215.57.30","2024-03-17 03:41:41 WAT","2024-04-01 03:41:41 WAT","Chrome Cookies",LogicalFileSet1
LogicalFileSet1,"2024-03-17 03:41:41 WAT",.audrte.com,arcki2_pubmatic,"12907E7A-1F67-4B60-B9FB-541F83D250B0!20220908!1710646901152","2024-03-17 03:41:41 WAT","2024-04-01 03:41:41 WAT","Chrome Cookies",LogicalFileSet1
LogicalFileSet1,"2024-03-17 03:41:41 WAT",.crwdcntrl.net,_cc_dc,1,"2024-03-17 03:41:41 WAT","2024-12-12 03:12:00 WAT","Chrome Cookies",LogicalFileSet1
LogicalFileSet1,"2024-03-17 03:41:41 WAT",.crwdcntrl.net,_cc_id,"40320cb08e07a997413f9e2143ec7188","2024-03-17 03:41:41 WAT","2024-12-12 03:12:00 WAT","Chrome Cookies",LogicalFileSet1
LogicalFileSet1,"2024-03-17 03:41:42 WAT",.tapad.com,TapAd_TS,1710646888961,"2024-03-17 03:41:28 WAT","2024-05-16 03:41:42 WAT","Chrome Cookies",LogicalFileSet1
LogicalFileSet1,"2024-03-17 03:41:42 WAT",.tapad.com,TapAd_DID,"a4e795bc-7621-4275-8594-5d0675ebf800","2024-03-17 03:41:28 WAT","2024-05-16 03:41:42 WAT","Chrome Cookies",LogicalFileSet1
LogicalFileSet1,"2024-03-17 03:41:42 WAT",.tapad.com,TapAd_3WAY_SYNCS,,"2024-03-17 03:41:29 WAT","2024-05-16 03:41:42 WAT","Chrome Cookies",LogicalFileSet1
LogicalFileSet1,"2024-03-17 03:41:42 WAT",.lijit.com,ljtrtb,"eJwVyjsOAiEQANC7UDvJwDB87NhmE8P6SSRmt4MFTGwtjXcX25f3ERKVOIqqs0NjCGTnDExcwJFx0Hy1KLkaWVgchLLj7ooJdbZQpS6gldLgDBLovTeyWXnj27gOx433tG6n8wIJ5u02%2F5kHhxBbTzbaBUOY0uv6fqyXp%2Fj%2BAIQyI2c%3D","2024-03-17 03:41:42 WAT","2025-03-17 03:41:42 WAT","Chrome Cookies",LogicalFileSet1
LogicalFileSet1,"2024-03-17 03:41:42 WAT",.lijit.com,_ljtrtb_97,"RX-a0f7c3f0-e30c-4e07-a860-627630b867c8-005","2024-03-17 03:41:42 WAT","2025-03-17 03:41:42 WAT","Chrome Cookies",LogicalFileSet1
LogicalFileSet1,"2024-03-17 03:41:42 WAT",.lijit.com,ljtrtbexp,"eJyrVrI0V7IyNDc0tDA1M7E011GyMEXlGxoYoQqYGKPyjaAGGJkamlma1wIAsVsQqw%3D%3D","2024-03-17 03:41:37 WAT","2025-03-17 03:41:42 WAT","Chrome Cookies",LogicalFileSet1
LogicalFileSet1,"2024-03-17 03:41:42 WAT",.lijit.com,ljt_reader,IVX9AQZHto8pi6MiS1-dfIHH,"2024-03-17 03:41:30 WAT","2025-03-17 03:41:42 WAT","Chrome Cookies",LogicalFileSet1
LogicalFileSet1,"2024-03-17 03:41:42 WAT",.audrte.com,arcki2_ddp2,"307D6HczHQyRFe-cQVu-HJgBw!20220908!1710646902668","2024-03-17 03:41:42 WAT","2024-04-01 03:41:42 WAT","Chrome Cookies",LogicalFileSet1
LogicalFileSet1,"2024-03-17 03:41:42 WAT",.pubmatic.com,DPSync3,"1711843200%3A241_235_227_226_219_197_201_245","2024-03-17 03:41:42 WAT","2024-06-15 03:41:42 WAT","Chrome Cookies",LogicalFileSet1
LogicalFileSet1,"2024-03-17 03:41:43 WAT",.pubmatic.com,SyncRTB3,"1713225600%3A203%7C1715817600%3A69%7C1711843200%3A176_8_214_55_233_243_56_99_54_234_249_88_13_220_46_81_254_21_71_166_22_161_264_165_238_266_251_3%7C1711929600%3A35%7C1711238400%3A2_15_223%7C1711497600%3A63","2024-03-17 03:41:43 WAT","2024-06-15 03:41:43 WAT","Chrome Cookies",LogicalFileSet1
LogicalFileSet1,"2024-03-17 03:41:43 WAT",.sitescout.com,ssi,"2c253e6a-61be-4d3f-894d-77ac58cb8eef#1710646900342","2024-03-17 03:41:40 WAT","2025-03-17 03:41:43 WAT","Chrome Cookies",LogicalFileSet1
LogicalFileSet1,"2024-03-17 03:41:43 WAT",.sitescout.com,_ssuma,"eyI0NSI6MTcxMDY0NjkwMzg4MywiMjciOjE3MTA2NDY5MDA1MzYsIjM5IjoxNzEwNjQ2OTAwNTM2LCI3IjoxNzEwNjQ2OTAwNTM2fQ","2024-03-17 03:41:43 WAT","2024-04-16 03:41:43 WAT","Chrome Cookies",LogicalFileSet1
LogicalFileSet1,"2024-03-17 03:41:43 WAT",.turn.com,uid,8182839398443301887,"2024-03-17 03:41:40 WAT","2024-09-13 03:41:43 WAT","Chrome Cookies",LogicalFileSet1
LogicalFileSet1,"2024-03-17 03:41:43 WAT",.rfihub.com,rud,"H4sIAAAAAAAA_-MSNjU0sDSzMDUzNrIwNDIwNDQwMBDiM9R1SjXJLC3wCskvc3cDALCs1kclAAAA","2024-03-17 03:41:30 WAT","2025-04-11 03:41:43 WAT","Chrome Cookies",LogicalFileSet1
LogicalFileSet1,"2024-03-17 03:41:43 WAT",.rfihub.com,eud,"H4sIAAAAAAAA_13MqRGAMBBA0aEAVOpYZo9kD7ohR0NIJCVQIQgwyCf-v6aZjFCzBkow7snIrPawBpv4gNy4gXceoCJSi3sp3tc3erSoZFHnI30nD6TQ8-cbAPeCgGoAAAA","2024-03-17 03:41:43 WAT","2025-04-11 03:41:43 WAT","Chrome Cookies",LogicalFileSet1
LogicalFileSet1,"2024-03-17 03:41:44 WAT",.ctnsnet.com,"cid_f4b258b58860416bb86d1968b0ecca67",1,"2024-03-17 03:41:44 WAT","2025-03-17 03:41:45 WAT","Chrome Cookies",LogicalFileSet1
LogicalFileSet1,"2024-03-17 03:41:44 WAT",.adx.opera.com,UID,"OPU0ced07f2403547258483ab6d5ee866cc","2024-03-17 03:41:20 WAT","2025-03-17 03:41:44 WAT","Chrome Cookies",LogicalFileSet1
LogicalFileSet1,"2024-03-17 03:41:44 WAT",.pubmatic.com,KRTBCOOKIE_18,"22947-5109685632812011000","2024-03-17 03:41:43 WAT","2024-06-15 03:41:44 WAT","Chrome Cookies",LogicalFileSet1
LogicalFileSet1,"2024-03-17 03:41:44 WAT",.ctnsnet.com,"cid_253a597a96ab4f5b98b9298d93a36207",1,"2024-03-17 03:41:44 WAT","2025-03-17 03:41:44 WAT","Chrome Cookies",LogicalFileSet1
LogicalFileSet1,"2024-03-17 03:41:44 WAT",.csync.loopme.me,viewer_token,"10d55ff6-9b71-40da-8607-b9c8d2f4f1eb","2024-03-17 03:41:44 WAT","2024-06-17 03:41:44 WAT","Chrome Cookies",LogicalFileSet1
LogicalFileSet1,"2024-03-17 03:41:44 WAT",.pubmatic.com,KRTBCOOKIE_1323,"23480-OPU0ced07f2403547258483ab6d5ee866cc&KRTB&23485-OPU0ced07f2403547258483ab6d5ee866cc&KRTB&23575-OPU0ced07f2403547258483ab6d5ee866cc","2024-03-17 03:41:43 WAT","2024-03-31 03:41:44 WAT","Chrome Cookies",LogicalFileSet1
LogicalFileSet1,"2024-03-17 03:41:44 WAT",.adform.net,uid,5213886211535018676,"2024-03-17 03:41:07 WAT","2024-05-16 03:41:44 WAT","Chrome Cookies",LogicalFileSet1
LogicalFileSet1,"2024-03-17 03:41:44 WAT",.analytics.yahoo.com,IDSYNC,"""196y~2hc3:19cx~2hc3:175w~2hc3:18z8~2hc3""","2024-03-17 03:41:43 WAT","2025-03-17 03:41:44 WAT","Chrome Cookies",LogicalFileSet1
LogicalFileSet1,"2024-03-17 03:41:44 WAT",.yahoo.com,A3,"d=AQABBGBm9mUCEHdRq8ixTWdsAE2ODLCbsNsFEgEBAQG392UAZgAAAAAA_eMAAA&S=AQAAAuR3_Pw4SefKAYgL84vFbaE","2024-03-17 03:41:20 WAT","2025-03-17 09:41:44 WAT","Chrome Cookies",LogicalFileSet1
LogicalFileSet1,"2024-03-17 03:41:44 WAT",.everesttech.net,everest_g_v2,"g_surferid~ZfZmeAAAAh42ngA9","2024-03-17 03:41:44 WAT","2025-03-17 03:41:44 WAT","Chrome Cookies",LogicalFileSet1
LogicalFileSet1,"2024-03-17 03:41:44 WAT",.tribalfusion.com,ANON_ID,"amnyBcy4ZawFBA9MAIHno7h5ih2ZdjMF7i2EKvE4T2iH09ZbxiUGFWri3VUf7FrUGNl3tRcDMNrEMZcghkZaUy76e5gYNoRT1m9UnunTZaZd30Zb38T7c119ZcY3grmPmcfb6nsmlfUDxK7SFp7XE00XxZaEng","2024-03-17 03:41:44 WAT","2024-06-15 03:41:44 WAT","Chrome Cookies",LogicalFileSet1
LogicalFileSet1,"2024-03-17 03:41:44 WAT",.tribalfusion.com,ANON_ID_old,"amnyBcy4ZawFBA9MAIHno7h5ih2ZdjMF7i2EKvE4T2iH09ZbxiUGFWri3VUf7FrUGNl3tRcDMNrEMZcghkZaUy76e5gYNoRT1m9UnunTZaZd30Zb38T7c119ZcY3grmPmcfb6nsmlfUDxK7SFp7XE00XxZaEng","2024-03-17 03:41:44 WAT","2024-06-15 03:41:44 WAT","Chrome Cookies",LogicalFileSet1
LogicalFileSet1,"2024-03-17 03:41:44 WAT",.adfarm1.adition.com,UserID1,7347172507685681305,"2024-03-17 03:41:44 WAT","2024-06-15 03:41:44 WAT","Chrome Cookies",LogicalFileSet1
LogicalFileSet1,"2024-03-17 03:41:44 WAT",.adsby.bidtheatre.com,__kuid,"2cccf6d0-a659-4e90-b89c-4e8364ead68e.479860904","2024-03-17 03:41:44 WAT","2024-03-24 03:41:44 WAT","Chrome Cookies",LogicalFileSet1
LogicalFileSet1,"2024-03-17 03:41:44 WAT",.mfadsrvr.com,c,1710646904,"2024-03-17 03:41:44 WAT","2026-03-17 03:41:44 WAT","Chrome Cookies",LogicalFileSet1
LogicalFileSet1,"2024-03-17 03:41:44 WAT",.audrte.com,arcki2_adform,"5213886211535018676!20220908!1710646904984","2024-03-17 03:41:44 WAT","2024-04-01 03:41:44 WAT","Chrome Cookies",LogicalFileSet1
LogicalFileSet1,"2024-03-17 03:41:45 WAT",.dotomi.com,DotomiTest,421c05274a1a162c,"2024-03-17 03:41:45 WAT","2024-03-17 03:42:15 WAT","Chrome Cookies",LogicalFileSet1
LogicalFileSet1,"2024-03-17 03:41:45 WAT",sync.srv.stackadapt.com,sa-user-id,"s%3A0-07cf7c2d-c4ff-5522-46c5-49f8d5fe893b.N2sY4kkpHJL2EUF79LZEf1IreN4LJtzc5Zy1R715Oh4","2024-03-17 03:41:44 WAT","2025-03-17 03:41:45 WAT","Chrome Cookies",LogicalFileSet1
LogicalFileSet1,"2024-03-17 03:41:45 WAT",.srv.stackadapt.com,sa-user-id,"s%3A0-07cf7c2d-c4ff-5522-46c5-49f8d5fe893b.N2sY4kkpHJL2EUF79LZEf1IreN4LJtzc5Zy1R715Oh4","2024-03-17 03:41:44 WAT","2025-03-17 03:41:45 WAT","Chrome Cookies",LogicalFileSet1
LogicalFileSet1,"2024-03-17 03:41:45 WAT",sync.srv.stackadapt.com,sa-user-id-v2,"s%3AB898LcT_VSJGxUn41f6JO2bXOR4.4Q21o8fTcam7ME%2Br3PAZ2byVZjnaCxcsNCae%2FQon0DQ","2024-03-17 03:41:44 WAT","2025-03-17 03:41:45 WAT","Chrome Cookies",LogicalFileSet1
LogicalFileSet1,"2024-03-17 03:41:45 WAT",.srv.stackadapt.com,sa-user-id-v2,"s%3AB898LcT_VSJGxUn41f6JO2bXOR4.4Q21o8fTcam7ME%2Br3PAZ2byVZjnaCxcsNCae%2FQon0DQ","2024-03-17 03:41:44 WAT","2025-03-17 03:41:45 WAT","Chrome Cookies",LogicalFileSet1
LogicalFileSet1,"2024-03-17 03:41:45 WAT",sync.srv.stackadapt.com,sa-user-id-v3,"s%3AAQAKIGISXBgWgCE8U-1LJviNOcvrIZ3nelypCyTcA8oOu42aEMIBGAQg-czZrwYwAToEovpzKUIEbzWHXg.ey0CY21c9fYG0UoPlHyxoGHARUxf6h0So7U0wv%2BX8Ec","2024-03-17 03:41:45 WAT","2025-03-17 03:41:45 WAT","Chrome Cookies",LogicalFileSet1
LogicalFileSet1,"2024-03-17 03:41:45 WAT",.srv.stackadapt.com,sa-user-id-v3,"s%3AAQAKIGISXBgWgCE8U-1LJviNOcvrIZ3nelypCyTcA8oOu42aEMIBGAQg-czZrwYwAToEovpzKUIEbzWHXg.ey0CY21c9fYG0UoPlHyxoGHARUxf6h0So7U0wv%2BX8Ec","2024-03-17 03:41:45 WAT","2025-03-17 03:41:45 WAT","Chrome Cookies",LogicalFileSet1
LogicalFileSet1,"2024-03-17 03:41:45 WAT",.sportradarserving.com,c,1710646905,"2024-03-17 03:41:45 WAT","2025-03-17 03:41:45 WAT","Chrome Cookies",LogicalFileSet1
LogicalFileSet1,"2024-03-17 03:41:45 WAT",.pubmatic.com,KRTBCOOKIE_1101,"23040-7347172507685681305&KRTB&23369-7347172507685681305","2024-03-17 03:41:44 WAT","2024-04-16 03:41:45 WAT","Chrome Cookies",LogicalFileSet1
LogicalFileSet1,"2024-03-17 03:41:45 WAT",.smartadserver.com,pid,8164017241466502558,"2024-03-17 03:41:45 WAT","2025-04-17 03:41:45 WAT","Chrome Cookies",LogicalFileSet1
LogicalFileSet1,"2024-03-17 03:41:45 WAT",.smartadserver.com,TestIfCookieP,ok,"2024-03-17 03:41:45 WAT","2025-04-17 03:41:45 WAT","Chrome Cookies",LogicalFileSet1
LogicalFileSet1,"2024-03-17 03:41:45 WAT",.smartadserver.com,csync,"127:AALefU7L7M0AABUjPsWYOg","2024-03-17 03:41:45 WAT","2025-03-17 03:41:45 WAT","Chrome Cookies",LogicalFileSet1
LogicalFileSet1,"2024-03-17 03:41:45 WAT",.pubmatic.com,KRTBCOOKIE_57,"22776-5453130271131368581&KRTB&23339-5453130271131368581","2024-03-17 03:41:44 WAT","2024-06-15 03:41:45 WAT","Chrome Cookies",LogicalFileSet1
LogicalFileSet1,"2024-03-17 03:41:45 WAT",.pubmatic.com,KRTBCOOKIE_860,"16335-B898LcT_VSJGxUn41f6JO2bXOR4&KRTB&23334-B898LcT_VSJGxUn41f6JO2bXOR4&KRTB&23417-B898LcT_VSJGxUn41f6JO2bXOR4&KRTB&23426-B898LcT_VSJGxUn41f6JO2bXOR4","2024-03-17 03:41:45 WAT","2024-06-15 03:41:45 WAT","Chrome Cookies",LogicalFileSet1
LogicalFileSet1,"2024-03-17 03:41:45 WAT",.sportradarserving.com,zuuid,"28474d98-e8cb-4201-b12b-8f9ace441e1e","2024-03-17 03:41:45 WAT","2025-03-17 03:41:45 WAT","Chrome Cookies",LogicalFileSet1
LogicalFileSet1,"2024-03-17 03:41:45 WAT",.sportradarserving.com,zuuid_lu,1710646905,"2024-03-17 03:41:45 WAT","2025-03-17 03:41:45 WAT","Chrome Cookies",LogicalFileSet1
LogicalFileSet1,"2024-03-17 03:41:45 WAT",.sportradarserving.com,zuuid_k,1,"2024-03-17 03:41:45 WAT","2025-03-17 03:41:45 WAT","Chrome Cookies",LogicalFileSet1
LogicalFileSet1,"2024-03-17 03:41:45 WAT",.sportradarserving.com,zuuid_k_lu,1710646905,"2024-03-17 03:41:45 WAT","2025-03-17 03:41:45 WAT","Chrome Cookies",LogicalFileSet1
LogicalFileSet1,"2024-03-17 03:41:45 WAT",.mfadsrvr.com,tuuid,"c6a42903-b7b5-47f6-b766-813dbfbd3147","2024-03-17 03:41:44 WAT","2026-03-17 03:41:45 WAT","Chrome Cookies",LogicalFileSet1
LogicalFileSet1,"2024-03-17 03:41:45 WAT",.mfadsrvr.com,tuuid_lu,1710646905,"2024-03-17 03:41:45 WAT","2026-03-17 03:41:45 WAT","Chrome Cookies",LogicalFileSet1
LogicalFileSet1,"2024-03-17 03:41:45 WAT",.mfadsrvr.com,ssh,"!bidswitch,1710646905","2024-03-17 03:41:45 WAT","2026-03-17 03:41:45 WAT","Chrome Cookies",LogicalFileSet1
LogicalFileSet1,"2024-03-17 03:41:45 WAT",.clientgear.com,mkuuid,"mkfa474fcfbc2a49b28fae6b5a1b95a611","2024-03-17 03:41:39 WAT","2024-09-13 03:41:45 WAT","Chrome Cookies",LogicalFileSet1
LogicalFileSet1,"2024-03-17 03:41:45 WAT",.yieldmo.com,yieldmo_id,"VqMw6FFwwfFzMJPs6x1u%7C1710633600000%7C0","2024-03-17 03:41:34 WAT","2025-03-17 03:41:45 WAT","Chrome Cookies",LogicalFileSet1
LogicalFileSet1,"2024-03-17 03:41:46 WAT",.onaudience.com,done_redirects104,1,"2024-03-17 03:41:45 WAT","2024-03-18 03:41:46 WAT","Chrome Cookies",LogicalFileSet1
LogicalFileSet1,"2024-03-17 03:41:46 WAT",.contextweb.com,V,v0DmFejR85Ur,"2024-03-17 03:41:38 WAT","2025-03-12 03:41:46 WAT","Chrome Cookies",LogicalFileSet1
LogicalFileSet1,"2024-03-17 03:41:46 WAT",.contextweb.com,pb_rtb_ev,"3-1q9y|2N.0.AAAI0RDK74QHrgMK6HmIAAAAAAA|3oy.0.2c253e6a-61be-4d3f-894d-77ac58cb8eef-65f66674-5553|4is.0.CAESEDXpRZrERAEVXspI4F8o8_U|7TY.0|7dN.0.AALefU7L7M0AABUjPsWYOg","2024-03-17 03:41:45 WAT","2025-03-17 03:41:46 WAT","Chrome Cookies",LogicalFileSet1
LogicalFileSet1,"2024-03-17 03:41:46 WAT",.1rx.io,_rxuuid,"%7B%22rx_uuid%22%3A%22RX-a0f7c3f0-e30c-4e07-a860-627630b867c8-005%22%2C%22nxtrdr%22%3Afalse%7D","2024-03-17 03:41:46 WAT","2025-03-17 03:41:46 WAT","Chrome Cookies",LogicalFileSet1
LogicalFileSet1,"2024-03-17 03:41:46 WAT",.bidr.io,bito,AALefU7L7M0AABUjPsWYOg,"2024-03-17 03:41:26 WAT","2025-04-15 23:41:46 WAT","Chrome Cookies",LogicalFileSet1
LogicalFileSet1,"2024-03-17 03:41:46 WAT",.onaudience.com,done_redirects200,1,"2024-03-17 03:41:46 WAT","2024-03-18 03:41:46 WAT","Chrome Cookies",LogicalFileSet1
LogicalFileSet1,"2024-03-17 03:41:46 WAT",.pubmatic.com,KRTBCOOKIE_466,"16530-4c003e47-2be7-494a-a5d6-9865a7875b12","2024-03-17 03:41:46 WAT","2024-06-15 03:41:46 WAT","Chrome Cookies",LogicalFileSet1
LogicalFileSet1,"2024-03-17 03:41:46 WAT",.pubmatic.com,KRTBCOOKIE_699,"22727-AALefU7L7M0AABUjPsWYOg","2024-03-17 03:41:46 WAT","2024-06-15 03:41:46 WAT","Chrome Cookies",LogicalFileSet1
LogicalFileSet1,"2024-03-17 03:41:46 WAT",.pubmatic.com,KRTBCOOKIE_188,"3189-2c253e6a-61be-4d3f-894d-77ac58cb8eef-65f66674-5553&KRTB&23418-2c253e6a-61be-4d3f-894d-77ac58cb8eef-65f66674-5553","2024-03-17 03:41:46 WAT","2024-06-15 03:41:46 WAT","Chrome Cookies",LogicalFileSet1
LogicalFileSet1,"2024-03-17 03:41:46 WAT",.pubmatic.com,KRTBCOOKIE_22,"14911-8182839398443301887&KRTB&23150-8182839398443301887&KRTB&23527-8182839398443301887","2024-03-17 03:41:46 WAT","2024-04-16 03:41:46 WAT","Chrome Cookies",LogicalFileSet1
LogicalFileSet1,"2024-03-17 03:41:46 WAT",.pubmatic.com,KRTBCOOKIE_632,"23041-6J4al8_7GpAfH8ZWF1WqfJAv7t8LklCWL9SQP2QwQhI&KRTB&23047-6J4al8_7GpAfH8ZWF1WqfJAv7t8LklCWL9SQP2QwQhI&KRTB&23234-6J4al8_7GpAfH8ZWF1WqfJAv7t8LklCWL9SQP2QwQhI&KRTB&23361-6J4al8_7GpAfH8ZWF1WqfJAv7t8LklCWL9SQP2QwQhI","2024-03-17 03:41:46 WAT","2024-04-16 03:41:46 WAT","Chrome Cookies",LogicalFileSet1
LogicalFileSet1,"2024-03-17 03:41:46 WAT",.pubmatic.com,KRTBCOOKIE_409,"22966-NrGB8F9IYRjWUTnVQUQVaXaR","2024-03-17 03:41:46 WAT","2024-04-16 03:41:46 WAT","Chrome Cookies",LogicalFileSet1
LogicalFileSet1,"2024-03-17 03:41:46 WAT",.pubmatic.com,SPugT,1710646906,"2024-03-17 03:41:46 WAT","2024-04-16 03:41:46 WAT","Chrome Cookies",LogicalFileSet1
LogicalFileSet1,"2024-03-17 03:41:46 WAT",.ads.stickyadstv.com,UID,"3a1f6220c952b9d43b743ece2c8add","2024-03-17 03:41:46 WAT","2024-04-16 03:41:46 WAT","Chrome Cookies",LogicalFileSet1
LogicalFileSet1,"2024-03-17 03:41:46 WAT",.pubmatic.com,KRTBCOOKIE_32,"11175-AAAHx62J3zGhfANw-HmlAAAAAAA&KRTB&22713-AAAHx62J3zGhfANw-HmlAAAAAAA&KRTB&22715-AAAHx62J3zGhfANw-HmlAAAAAAA&KRTB&23519-AAAHx62J3zGhfANw-HmlAAAAAAA","2024-03-17 03:41:46 WAT","2024-06-15 03:41:46 WAT","Chrome Cookies",LogicalFileSet1
LogicalFileSet1,"2024-03-17 03:41:46 WAT",.onaudience.com,done_redirects147,1,"2024-03-17 03:41:46 WAT","2024-03-18 03:41:46 WAT","Chrome Cookies",LogicalFileSet1
LogicalFileSet1,"2024-03-17 03:41:46 WAT",.semasio.net,SEUNCY,A6DF8A4D190DF0F2,"2024-03-17 03:41:46 WAT","2025-03-17 03:41:46 WAT","Chrome Cookies",LogicalFileSet1
LogicalFileSet1,"2024-03-17 03:41:46 WAT",.pubmatic.com,KRTBCOOKIE_594,"17105-RX-a0f7c3f0-e30c-4e07-a860-627630b867c8-005&KRTB&17107-RX-a0f7c3f0-e30c-4e07-a860-627630b867c8-005","2024-03-17 03:41:46 WAT","2024-06-15 03:41:46 WAT","Chrome Cookies",LogicalFileSet1
LogicalFileSet1,"2024-03-17 03:41:46 WAT",.pubmatic.com,PugT,1710646906,"2024-03-17 03:41:46 WAT","2024-04-16 03:41:46 WAT","Chrome Cookies",LogicalFileSet1
LogicalFileSet1,"2024-03-17 03:41:46 WAT",.pubmatic.com,KADUSERCOOKIE,"12907E7A-1F67-4B60-B9FB-541F83D250B0","2024-03-17 03:41:23 WAT","2025-03-17 03:41:46 WAT","Chrome Cookies",LogicalFileSet1
LogicalFileSet1,"2024-03-17 03:41:46 WAT",.pubmatic.com,chkChromeAb67Sec,6,"2024-03-17 03:41:46 WAT","2024-06-15 03:41:46 WAT","Chrome Cookies",LogicalFileSet1
LogicalFileSet1,"2024-03-17 03:41:47 WAT",.onaudience.com,done_redirects219,1,"2024-03-17 03:41:47 WAT","2024-03-18 03:41:47 WAT","Chrome Cookies",LogicalFileSet1
LogicalFileSet1,"2024-03-17 03:41:47 WAT",.ads.pubmatic.com,pubsyncexp,1710668507274,"2024-03-17 03:41:47 WAT","2024-03-18 03:41:47 WAT","Chrome Cookies",LogicalFileSet1
LogicalFileSet1,"2024-03-17 03:41:47 WAT",.mathtag.com,uuid,"691e65f6-667b-4d00-86bf-a5de140ab513","2024-03-17 03:41:47 WAT","2025-04-14 03:41:47 WAT","Chrome Cookies",LogicalFileSet1
LogicalFileSet1,"2024-03-17 03:41:47 WAT",.onaudience.com,cookie,39c467e5d6d50209,"2024-03-17 03:41:46 WAT","2025-03-17 03:41:47 WAT","Chrome Cookies",LogicalFileSet1
LogicalFileSet1,"2024-03-17 03:41:47 WAT",.zeotap.com,zsc,"%AA%99%83%1ES%0C%B0%09%0B%C5%DE%DB%05d%C5%B6%9D%B5%C7%99%FA%19%B0%5D%8F%18%0C%A3e%BB%C3%0F%40%9F%D4%93%3Cf%83%CFd%F3_%1B%7C%26lwP%EF%CB%2B%9C%0D%EF%BA%B8%885a%1Dqkdv6%C4%BB%EF%E1%A4%99%1CwN%97%FD%950%81%1C%7C%9E","2024-03-17 03:41:47 WAT","2024-03-18 03:41:47 WAT","Chrome Cookies",LogicalFileSet1
LogicalFileSet1,"2024-03-17 03:41:48 WAT",".targeting.unrulymedia.com",_rxuuid,"%7B%22rx_uuid%22%3A%22RX-a0f7c3f0-e30c-4e07-a860-627630b867c8-005%22%7D","2024-03-17 03:41:41 WAT","2025-03-17 03:41:48 WAT","Chrome Cookies",LogicalFileSet1
LogicalFileSet1,"2024-03-17 03:41:48 WAT",.zeotap.com,zc,"036675df-a240-47fa-70f3-1468c09e1cb5","2024-03-17 03:41:45 WAT","2025-03-17 03:41:48 WAT","Chrome Cookies",LogicalFileSet1
LogicalFileSet1,"2024-03-17 03:42:04 WAT",.adsrvr.org,TDID,"c25304a7-d14b-4224-8603-4cfe37a2969e","2024-03-17 03:41:07 WAT","2025-03-17 03:42:04 WAT","Chrome Cookies",LogicalFileSet1
LogicalFileSet1,"2024-03-17 03:42:04 WAT",.adsrvr.org,TDCPM,"CAESFQoGZ29vZ2xlEgsI9PjuycOP4zwQBRIWCgdydWJpY29uEgsI5KXs8sSP4zwQBRIVCgZjYXNhbGUSCwi41JX3xY_jPBAFEhcKCHB1Ym1hdGljEgsIxI7Oh8aP4zwQBRgBIAEoAjILCLSH3pfej-M8EAU4AVoOc21hcnQtYWRzZXJ2ZXJgAg..","2024-03-17 03:42:04 WAT","2025-03-17 03:42:04 WAT","Chrome Cookies",LogicalFileSet1
LogicalFileSet1,"2024-03-17 03:42:04 WAT",.company-target.com,tuuid,"4fb65e84-e5bf-4e9f-8f88-0325648944f6","2024-03-17 03:41:39 WAT","2026-03-17 03:42:04 WAT","Chrome Cookies",LogicalFileSet1
LogicalFileSet1,"2024-03-17 03:42:04 WAT",.company-target.com,tuuid_lu,1710646924|eqx:0|ix:0,"2024-03-17 03:42:04 WAT","2026-03-17 03:42:04 WAT","Chrome Cookies",LogicalFileSet1
LogicalFileSet1,"2024-03-17 03:42:04 WAT",.taboola.com,t_gid,"ca30cc05-3093-490c-ad61-6335a9bb27d9-tuctcefebdc","2024-03-17 03:41:16 WAT","2025-03-17 03:42:04 WAT","Chrome Cookies",LogicalFileSet1
LogicalFileSet1,"2024-03-17 03:42:04 WAT",.taboola.com,t_pt_gid,"ca30cc05-3093-490c-ad61-6335a9bb27d9-tuctcefebdc","2024-03-17 03:41:16 WAT","2025-03-17 03:42:04 WAT","Chrome Cookies",LogicalFileSet1
LogicalFileSet1,"2024-03-17 03:42:05 WAT",.adotmob.com,uid,0a482402006879b25bb3e5a0,"2024-03-17 03:42:05 WAT","2025-04-16 03:42:05 WAT","Chrome Cookies",LogicalFileSet1
LogicalFileSet1,"2024-03-17 03:42:05 WAT",.adotmob.com,uuid,0a482402006879b25bb3e5a0,"2024-03-17 03:42:05 WAT","2025-04-16 03:42:05 WAT","Chrome Cookies",LogicalFileSet1
LogicalFileSet1,"2024-03-17 03:42:05 WAT",.adotmob.com,partners,"SMA%3A1710646925535","2024-03-17 03:42:05 WAT","2025-04-16 03:42:05 WAT","Chrome Cookies",LogicalFileSet1
LogicalFileSet1,"2024-03-17 03:42:05 WAT",.adnxs.com,XANDR_PANID,"Ob8zxGCE4CPXGcG_Qa-tOEGIClipVdoz5QnG6Gd8jwS_wvAJeH_6SmaZOZkHbZKsXDSEnvKTpb_J_DxYvpznenYk6sBgU_WG7a91UE2AJRg.","2024-03-17 03:41:23 WAT","2024-06-15 03:42:05 WAT","Chrome Cookies",LogicalFileSet1
LogicalFileSet1,"2024-03-17 03:42:05 WAT",.adnxs.com,"receive-cookie-deprecation",1,"2024-03-17 03:41:23 WAT","2034-03-05 03:42:05 WAT","Chrome Cookies",LogicalFileSet1
LogicalFileSet1,"2024-03-17 03:42:05 WAT",.adnxs.com,uuid2,5453130271131368581,"2024-03-17 03:41:23 WAT","2024-06-15 03:42:05 WAT","Chrome Cookies",LogicalFileSet1
LogicalFileSet1,"2024-03-17 03:42:07 WAT",.go.sonobi.com,__uis,"24a4b21d-1d52-444a-b02c-ffd36345ed03","2024-03-17 03:41:59 WAT","2024-04-16 03:42:07 WAT","Chrome Cookies",LogicalFileSet1
LogicalFileSet1,"2024-03-17 03:49:03 WAT",.google.com,NID,"512=N_Fe8kbLdHRVLvkxXbxe3oL6koYnpL3jIbM4Ef3OvEHw-BY1lf2AOUkPobvgJS7BN0uYKnZ39JvaR2tPddjITZsRmo0_4vhNNFDiqc5TpFQ1zPqHDdEzU-QAIU4L1L9jynkuzkoFDlIxS0uZ-n0_e2M09rPZi1YraWViYZ18aSPCFOSVr32ZM9GG4Gw8dvm_","2024-03-17 03:42:08 WAT","2024-09-16 03:42:08 WAT","Chrome Cookies",LogicalFileSet1
LogicalFileSet1,"2024-03-17 03:48:31 WAT",.nairaland.com,_gat_gtag_UA_91638_1,1,"2024-03-17 03:48:31 WAT","2024-03-17 03:49:31 WAT","Chrome Cookies",LogicalFileSet1
LogicalFileSet1,"2024-03-17 03:48:52 WAT",.nairaland.com,_gid,"GA1.2.282484429.1710646981","2024-03-17 03:43:01 WAT","2024-03-18 03:48:52 WAT","Chrome Cookies",LogicalFileSet1
LogicalFileSet1,"2024-03-17 03:48:52 WAT",.nairaland.com,_ga,"GA1.1.1082425274.1710646981","2024-03-17 03:48:52 WAT","2026-03-17 03:48:52 WAT","Chrome Cookies",LogicalFileSet1
LogicalFileSet1,"2024-03-17 03:48:57 WAT",.nairaland.com,_ga_GGM2XGB2C1,"GS1.1.1710646980.1.1.1710647337.0.0.0","2024-03-17 03:48:57 WAT","2026-03-17 03:48:57 WAT","Chrome Cookies",LogicalFileSet1
LogicalFileSet1,"2024-03-17 03:48:58 WAT",.google.com,1P_JAR,2024-03-17-03,"2024-03-17 03:39:58 WAT","2024-04-16 03:48:58 WAT","Chrome Cookies",LogicalFileSet1
